"","Df","Sum Sq","Mean Sq","F value","Pr(>F)"
"popmean",1,49.7618886049179,49.7618886049179,3.95491409753723,0.0682059218791749
"food",6,28.4556223816155,4.74260373026925,0.376926818449186,0.880872524691685
"popmean:food",5,108.251139448631,21.6502278897261,1.72069014855496,0.199145514458591
"Residuals",13,163.569811103297,12.5822931617921,NA,NA
