"","Df","Sum Sq","Mean Sq","F value","Pr(>F)"
"mergeData_in_out$mean",1,1268.62707357819,1268.62707357819,2.8844071873176,0.113232185547479
"mergeData_in_out$Food.habit",6,10510.3328780785,1751.72214634642,3.98279372586133,0.0175266346310004
"mergeData_in_out$mean:mergeData_in_out$Food.habit",5,7217.06429017302,1443.4128580346,3.2818079549877,0.0390565810176726
"Residuals",13,5717.69201970876,439.82246305452,NA,NA
